Name_Repo,Name_Paper,Conference_Paper,Year_Paper,Framework
https://github.com/emtiyaz/vmp-for-svae,Variational Message Passing with Structured Inference Networks,iclr,2018,tf
https://github.com/Bojian/Hilbert-CNN,An image representation based convolutional network for DNA classification,iclr,2018,tf
https://github.com/alexhernandezgarcia/data-aug-invariance,Data augmentation instead of explicit regularization,iclr,2018,tf
https://github.com/lmb-freiburg/td-or-not-td,TD or not TD: Analyzing the Role of Temporal Differencing in Deep Reinforcement Learning,iclr,2018,tf
https://github.com/suyoung-lee/Episodic-Backward-Update,Sample-Efficient Deep Reinforcement Learning via Episodic Backward Update,iclr,2018,none
https://github.com/jramapuram/LifelongVAE_pytorch,Lifelong Generative Modeling,iclr,2018,pytorch
https://github.com/YichenGong/Densely-Interactive-Inference-Network,Natural Language Inference over Interaction Space,iclr,2018,tf
https://github.com/yihanjiang/Sequential-RNN-Decoder,Communication Algorithms via Deep Learning,iclr,2018,pytorch
https://github.com/alexnowakvila/DiCoNet,Divide and Conquer Networks,iclr,2018,pytorch
https://github.com/Microsoft/PixelDefend,PixelDefend: Leveraging Generative Models to Understand and Defend against Adversarial Examples,iclr,2018,tf
https://github.com/khetan2/MBEM,Learning From Noisy Singly-labeled Data,iclr,2018,mxnet
https://github.com/kabkabm/defensegan,Defense-GAN: Protecting Classifiers Against Adversarial Attacks Using Generative Models,iclr,2018,tf
https://github.com/tomas-angles/generative-scattering-networks,Generative networks as inverse problems with Scattering transforms,iclr,2018,pytorch
https://github.com/houlu369/Loss-aware-weight-quantization,Loss-aware Weight Quantization of Deep Networks,iclr,2018,none
https://github.com/Babylonpartners/decoding-decoders,Decoding Decoders: Finding Optimal Representation Spaces for Unsupervised Similarity Tasks,iclr,2018,tf
https://github.com/BorealisAI/bre-gan,Improving GAN Training via Binarized Representation Entropy (BRE) Regularization,iclr,2018,tf
https://github.com/jdongca2003/next_utterance_selection,Enhance word representation for out-of-vocabulary on Ubuntu dialogue corpus,iclr,2018,tf
https://github.com/Microsoft/graph-based-code-modelling,Learning to Represent Programs with Graphs,iclr,2018,tf
https://github.com/vihari/crossgrad,Generalizing Across Domains via Cross-Gradient Training,iclr,2018,tf
https://github.com/ducha-aiki/LSUVinit,All you need is a good init,iclr,2015,pytorch
https://github.com/jiesutd/NCRFpp,NCRF++: An Open-source Neural Sequence Labeling Toolkit,acl,2018,pytorch
https://github.com/thunlp/Character-enhanced-Sememe-Prediction,Incorporating Chinese Characters of Words for Lexical Sememe Prediction,acl,2018,none
https://github.com/ghdi6758/SemAxis,SemAxis: A Lightweight Framework to Characterize Domain-Specific Word Semantics Beyond Sentiment,acl,2018,none
https://github.com/rktamplayo/HCSC,Cold-Start Aware User and Product Attention for Sentiment Classification,acl,2018,tf
https://github.com/raosudha89/ranking_clarification_questions,Learning to Ask Good Questions: Ranking Clarification Questions using Neural Expected Value of Perfect Information,acl,2018,none
https://github.com/ruidan/Aspect-level-sentiment,Exploiting Document Knowledge for Aspect-level Sentiment Classification,acl,2018,tf
https://github.com/shuohangwang/comatch,A Co-Matching Model for Multi-choice Reading Comprehension,acl,2018,pytorch
https://worksheets.codalab.org/worksheets/0x9a15a170809f4e2cb7940e1f256dee55,Know What You Don't Know: Unanswerable Questions for SQuAD,acl,2018,none
https://github.com/qyyin/Reinforce4ZP,Deep Reinforcement Learning for Chinese Zero pronoun Resolution,acl,2018,pytorch
https://github.com/lancopku/Global-Encoding,Global Encoding for Abstractive Summarization,acl,2018,pytorch
https://github.com/PKU-TANGENT/SciDTB,SciDTB: Discourse Dependency TreeBank for Scientific Abstracts,acl,2018,none
https://github.com/clic-lab/scone,Situated Mapping of Sequential Instructions to Actions with Single-step Reward Observation,acl,2018,none
https://github.com/facebookresearch/hypernymysuite,Hearst Patterns Revisited: Automatic Hypernym Detection from Large Text Corpora,acl,2018,none
https://github.com/benathi/multisense-prob-fasttext,Probabilistic FastText for Multi-Sense Word Embeddings,acl,2018,none
https://github.com/Group-TanakaIshii/word_taylor,Taylor's law for Human Linguistic Sequences,acl,2018,none
https://github.com/sandropezzelle/fill-in-the-quant,Some of Them Can be Guessed! Exploring the Effect of Linguistic Context in Predicting Quantifiers,acl,2018,none
https://github.com/Justin1904/Low-rank-Multimodal-Fusion,Efficient Low-rank Multimodal Fusion with Modality-Specific Factors,acl,2018,pytorch
https://github.com/jiesutd/LatticeLSTM,Chinese NER Using Lattice LSTM,acl,2018,pytorch
https://github.com/duorc/duorc,DuoRC: Towards Complex Language Understanding with Paraphrased Reading Comprehension,acl,2018,none
https://github.com/gozdesahin/Subword_Semantic_Role_Labeling,Character-Level Models versus Morphology in Semantic Role Labeling,acl,2018,pytorch
https://github.com/madhavcsa/TFBA,Higher-order Relation Schema Induction using Tensor Factorization with Back-off and Aggregation,acl,2018,none
https://github.com/Oneplus/twpipe,Distilling Knowledge for Search-based Structured Prediction,acl,2018,none
https://github.com/Katsumata420/HITS_Ranking,Graph-based Filtering of Out-of-Vocabulary Words for Encoder-Decoder Models,acl,2018,none
https://github.com/ChenRocks/fast_abs_rl,Fast Abstractive Summarization with Reinforce-Selected Sentence Rewriting,acl,2018,pytorch
https://github.com/awslabs/sockeye,A Stochastic Decoder for Neural Machine Translation,acl,2018,mxnet
https://github.com/kingsaint/Open-vocabulary-entity-type-description,Generating Fine-Grained Open Vocabulary Entity Type Descriptions,acl,2018,pytorch
https://worksheets.codalab.org/worksheets/0x900e7e41deaa4ec5b2fe41dc50594548,Training Classifiers with Natural Language Explanations,acl,2018,none
https://github.com/xrc10/cross-distill,Cross-lingual Distillation for Text Classification,acl,2017,none
https://github.com/mike-n-7/ADEM,Towards an Automatic Turing Test: Learning to Evaluate Dialogue Responses,acl,2017,none
https://github.com/jacobandreas/neuralese,Translating Neuralese,acl,2017,tf
https://github.com/snakeztc/NeuralDialog-CVAE,Learning Discourse-level Diversity for Neural Dialog Models using Conditional Variational Autoencoders,acl,2017,tf
https://github.com/pilehvar/sensecnn,Towards a Seamless Integration of Word Senses into Downstream NLP Applications,acl,2017,none
https://github.com/cheng6076/virnng,A Generative Parser with a Discriminative Recognition Algorithm,acl,2017,none
https://github.com/oceanypt/DR_RE,Jointly Extracting Relations with Class Ties via Effective Deep Ranking,acl,2017,none
https://github.com/janmbuys/DeepDeepParser,Robust Incremental Neural Semantic Graph Parsing,acl,2017,tf
https://github.com/howardchenhd/Syntax-awared-NMT,Improved Neural Machine Translation with a Syntax-Aware Encoder and Decoder,acl,2017,none
https://github.com/Noahs-ARK/idea_relations,"Friendships, Rivalries, and Trysts: Characterizing Relations between Ideas in Texts",acl,2017,none
https://github.com/gchrupala/visually-grounded-speech,Representations of language in a model of visually grounded speech signal,acl,2017,none
https://github.com/cheng6076/scanner,Learning Structured Natural Language Representations for Semantic Parsing,acl,2017,none
https://github.com/wanghm92/Sing_Par,Universal Dependencies Parsing for Colloquial Singaporean English,acl,2017,tf
https://github.com/boknilev/nmt-repr-analysis,What do Neural Machine Translation Models Learn about Morphology?,acl,2017,pytorch
https://github.com/MarkWuNLP/MultiTurnResponseSelection,Sequential Matching Network: A New Architecture for Multi-turn Response Selection in Retrieval-based Chatbots,acl,2017,tf
https://github.com/qipeng/arc-swift,Arc-swift: A Novel Transition System for Dependency Parsing,acl,2017,tf
https://github.com/takase/relPatSim,Composing Distributed Representations of Relational Patterns,acl,2016,none
https://github.com/jcyk/CWS,Neural Word Segmentation Learning for Chinese,acl,2016,none
https://github.com/chenych11/lm,Compressing Neural Language Models by Sparse Word Representations,acl,2016,none
https://worksheets.codalab.org/worksheets/0x243284b4d81d4590b46030cdd3b72633,How Much is 131 Million Dollars? Putting Numbers in Perspective with Compositional Descriptions,acl,2016,none
https://github.com/ivri/DiffVec,"Take and Took, Gaggle and Goose, Book and Read: Evaluating the Utility of Vector Differences for Lexical Relation Learning",acl,2016,none
https://github.com/danqi/rc-cnn-dailymail,A Thorough Examination of the CNN/Daily Mail Reading Comprehension Task,acl,2016,none
https://github.com/tuzhaopeng/NMT-Coverage,Modeling Coverage for Neural Machine Translation,acl,2016,none
https://github.com/stanfordnlp/spinn,A Fast Unified Model for Parsing and Sentence Understanding,acl,2016,none
https://github.com/bplank/bilstm-aux,Multilingual Part-of-Speech Tagging with Bidirectional Long Short-Term Memory Models and Auxiliary Loss,acl,2016,none
https://github.com/microth/PathLSTM,Neural Semantic Role Labeling with Dependency Path Embeddings,acl,2016,none
https://github.com/rkadlec/asreader,Text Understanding with the Attention Sum Reader Network,acl,2016,none
https://worksheets.codalab.org/worksheets/0xad3fc9f52f514e849b282a105b1e3f02,Simpler Context-Dependent Logical Forms via Model Projections,acl,2016,none
https://bitbucket.org/TomKenter/siamese-cbow,Siamese CBOW: Optimizing Word Embeddings for Sentence Representations,acl,2016,none
https://worksheets.codalab.org/worksheets/0x50757a37779b485f89012e4ba03b6f4f,Data Recombination for Neural Semantic Parsing,acl,2016,none
https://github.com/rsennrich/subword-nmt,Neural Machine Translation of Rare Words with Subword Units,acl,2016,none
https://github.com/LPMP/LPMP,MAP inference via Block-Coordinate Frank-Wolfe Algorithm,cvpr,2019,pytorch
https://github.com/cihangxie/DI-2-FGSM,Improving Transferability of Adversarial Examples with Input Diversity,cvpr,2019,tf
https://github.com/coolsunxu/sophie,SoPhie: An Attentive GAN for Predicting Paths Compliant to Social and Physical Constraints,cvpr,2019,pytorch
https://github.com/xingyul/flownet3d,FlowNet3D: Learning Scene Flow in 3D Point Clouds,cvpr,2019,tf
https://github.com/cyvius96/adgpm,Rethinking Knowledge Graph Propagation for Zero-Shot Learning,cvpr,2019,pytorch
https://github.com/CVRL/human-model-similarity,A Neurobiological Evaluation Metric for Neural Network Model Search,cvpr,2019,none
https://github.com/anuragranj/cc,"Competitive Collaboration: Joint Unsupervised Learning of Depth, Camera Motion, Optical Flow and Motion Segmentation",cvpr,2019,pytorch
https://github.com/twke18/Adversarial_Structure_Matching,Adversarial Structure Matching for Structured Prediction Tasks,cvpr,2019,tf
https://github.com/cocodataset/panopticapi,Panoptic Segmentation,cvpr,2019,none
https://github.com/anshulbshah/Blurred-Image-to-Video,Bringing Alive Blurred Moments,cvpr,2019,none
https://github.com/lorenmt/mtan,End-to-End Multi-Task Learning with Attention,cvpr,2019,pytorch
https://github.com/danini/magsac,MAGSAC: marginalizing sample consensus,cvpr,2019,none
https://github.com/ethanygao/NDDR-CNN,NDDR-CNN: Layerwise Feature Fusing in Multi-Task CNNs by Neural Discriminative Dimensionality Reduction,cvpr,2019,tf
https://github.com/google-research/google-research/tree/master/robust_loss,A General and Adaptive Robust Loss Function,cvpr,2019,tf
https://github.com/deepinsight/insightface,ArcFace: Additive Angular Margin Loss for Deep Face Recognition,cvpr,2019,pytorch
https://github.com/iVMCL/AOGNets,AOGNets: Compositional Grammatical Architectures for Deep Learning,cvpr,2019,pytorch
https://github.com/javiribera/locating-objects-without-bboxes,Locating Objects Without Bounding Boxes,cvpr,2019,pytorch
https://github.com/aimagelab/novelty-detection,Latent Space Autoregression for Novelty Detection,cvpr,2019,pytorch
https://github.com/GuoShi28/CBDNet,Toward Convolutional Blind Denoising of Real Photographs,cvpr,2019,none
https://github.com/lizhitwo/ConfidenceEstimates,Improving Confidence Estimates for Unfamiliar Examples,cvpr,2020,pytorch
https://github.com/msraig/pfcnn,PFCNN: Convolutional Neural Networks on 3D Surfaces Using Parallel Frames,cvpr,2020,none
https://github.com/benyv/uncord,VQA with no questions-answers training,cvpr,2020,none
https://github.com/Sha-Lab/FEAT,Few-Shot Learning via Embedding Adaptation with Set-to-Set Functions,cvpr,2020,pytorch
https://github.com/princeton-computational-imaging/SeeingThroughFog,Seeing Through Fog Without Seeing Fog: Deep Multimodal Sensor Fusion in Unseen Adverse Weather,cvpr,2020,tf
https://github.com/prasunroy/stefann,STEFANN: Scene Text Editor using Font Adaptive Neural Network,cvpr,2020,tf
https://github.com/akanimax/msg-stylegan-tf,MSG-GAN: Multi-Scale Gradients for Generative Adversarial Networks,cvpr,2020,tf
https://github.com/nutonomy/nuscenes-devkit,nuScenes: A multimodal dataset for autonomous driving,cvpr,2020,none
https://github.com/microsoft/SGN,Semantics-Guided Neural Networks for Efficient Skeleton-Based Human Action Recognition,cvpr,2020,pytorch
https://github.com/3DVisionISR/3DRegNet,3DRegNet: A Deep Neural Network for 3D Point Registration,cvpr,2020,tf
https://github.com/microsoft/Relation-Aware-Global-Attention-Networks,Relation-Aware Global Attention for Person Re-identification,cvpr,2020,pytorch
https://github.com/open-mmlab/mmdetection,Prime Sample Attention in Object Detection,cvpr,2020,pytorch
https://github.com/tancik/StegaStamp,StegaStamp: Invisible Hyperlinks in Physical Photographs,cvpr,2020,tf
https://github.com/kulikovv/harmonic,Instance Segmentation of Biological Images Using Harmonic Embeddings,cvpr,2020,pytorch
https://github.com/nnaisense/deep-iterative-surface-normal-estimation,Deep Iterative Surface Normal Estimation,cvpr,2020,pytorch
https://github.com/wuyuebupt/doubleheadsrcnn,Rethinking Classification and Localization for Object Detection,cvpr,2020,pytorch
https://github.com/dmsm/DeepParametricShapes,Deep Parametric Shape Predictions using Distance Fields,cvpr,2020,pytorch
https://github.com/facebookresearch/you2me,You2Me: Inferring Body Pose in Egocentric Video via First and Second Person Interactions,cvpr,2020,pytorch
https://github.com/cmu-enyac/LeGR,Towards Efficient Model Compression via Learned Global Ranking,cvpr,2020,pytorch
https://github.com/lzqsd/InverseRenderingOfIndoorScene,"Inverse Rendering for Complex Indoor Scenes: Shape, Spatially-Varying Lighting and SVBRDF from a Single Image",cvpr,2020,pytorch
https://github.com/neuroailab/VIE,Unsupervised Learning from Video with Deep Neural Embeddings,cvpr,2020,tf
https://github.com/SLDGroup/NN_Mass,How does topology of neural architectures impact gradient propagation and model performance?,cvpr,2021,pytorch
https://github.com/aupendu/sr-uncertainty,Fast Bayesian Uncertainty Estimation and Reduction of Batch Normalized Single Image Super-Resolution Network,cvpr,2021,pytorch
https://github.com/XiaoxiaoGuo/fashion-iq,Fashion IQ: A New Dataset Towards Retrieving Images by Natural Language Feedback,cvpr,2021,pytorch
https://github.com/hendrycks/natural-adv-examples,Natural Adversarial Examples,cvpr,2021,pytorch
https://github.com/hding2455/DSC,Deeply Shape-guided Cascade for Instance Segmentation,cvpr,2021,pytorch
https://github.com/fredfung007/snlt,Siamese Natural Language Tracker: Tracking by Natural Language Descriptions with Siamese Trackers,cvpr,2021,pytorch
https://github.com/lolemacs/avagrad,Domain-independent Dominance of Adaptive Methods,cvpr,2021,pytorch
https://github.com/guochengqian/PU-GCN,PU-GCN: Point Cloud Upsampling using Graph Convolutional Networks,cvpr,2021,tf
https://github.com/anonymous-p/Flickering_Adversarial_Video,Over-the-Air Adversarial Flickering Attacks against Video Recognition Networks,cvpr,2021,pytorch
https://github.com/Howal/Cross-iterationBatchNorm,Cross-Iteration Batch Normalization,cvpr,2021,pytorch
https://github.com/Boyiliee/MoEx,On Feature Normalization and Data Augmentation,cvpr,2021,pytorch
https://github.com/kinredon/umt,Unbiased Mean Teacher for Cross-domain Object Detection,cvpr,2021,pytorch
https://github.com/alldbi/SuperMix,SuperMix: Supervising the Mixing Data Augmentation,cvpr,2021,pytorch
https://github.com/hasanirtiza/Pedestron,Generalizable Pedestrian Detection: The Elephant In The Room,cvpr,2021,pytorch
https://github.com/google-research/google-research/tree/master/meta_pseudo_labels,Meta Pseudo Labels,cvpr,2021,tf
https://github.com/mahmoudnafifi/Exposure_Correction,Learning Multi-Scale Photo Exposure Correction,cvpr,2021,none
https://github.com/ShuhangGu/DASR,Unsupervised Real-world Image Super Resolution via Domain-distance Aware Training,cvpr,2021,pytorch
https://github.com/fei960922/GPointNet,"Generative PointNet: Deep Energy-Based Learning on Unordered Point Sets for 3D Generation, Reconstruction and Classification",cvpr,2021,pytorch
https://github.com/facebookresearch/AVID-CMA,Audio-Visual Instance Discrimination with Cross-Modal Agreement,cvpr,2021,pytorch
https://github.com/tensorflow/models,MobileDets: Searching for Object Detection Architectures for Mobile Accelerators,cvpr,2021,tf
https://github.com/sanjaykariyappa/maze,MAZE: Data-Free Model Stealing Attack Using Zeroth-Order Gradient Estimation,cvpr,2021,pytorch
https://github.com/XinshaoAmosWang/ProSelfLC-CVPR2021,ProSelfLC: Progressive Self Label Correction for Training Robust Deep Neural Networks,cvpr,2021,pytorch
https://github.com/shrezaei/MI-Attack,On the Difficulty of Membership Inference Attacks,cvpr,2021,tf
https://github.com/quanvuong/Supervised_Policy_Update,Supervised Policy Update for Deep Reinforcement Learning,iclr,2019,tf
https://github.com/openai/random-network-distillation,Exploration by Random Network Distillation,iclr,2019,tf
https://github.com/srxdev0619/Latent_Convolutional_Models,Latent Convolutional Models,iclr,2019,pytorch
https://github.com/pliang279/factorized,Learning Factorized Multimodal Representations,iclr,2019,pytorch
https://github.com/rahafaljundi/Selfless-Sequential-Learning,Selfless Sequential Learning,iclr,2019,pytorch
https://github.com/benathi/fastswa-semi-sup,There Are Many Consistent Explanations of Unlabeled Data: Why You Should Average,iclr,2019,pytorch
https://github.com/csinva/hierarchical-dnn-interpretations,Hierarchical interpretations for neural network predictions,iclr,2019,pytorch
https://github.com/vikasverma1077/manifold_mixup,Manifold Mixup: Better Representations by Interpolating Hidden States,iclr,2019,pytorch
https://github.com/ceisenach/MPG,Marginal Policy Gradients: A Unified Family of Estimators for Bounded Action Spaces with Applications,iclr,2019,pytorch
https://github.com/WenboGong/MetaSGMCMC,Meta-Learning for Stochastic Gradient MCMC,iclr,2019,pytorch
https://github.com/yasinyazici/EMA_GAN,The Unusual Effectiveness of Averaging in GAN Training,iclr,2019,none
https://github.com/hyang1990/model_based_energy_constrained_compression,Energy-Constrained Compression for Deep Neural Networks via Weighted Sparse Projection and Layer Input Masking,iclr,2019,pytorch
https://github.com/vtjeng/MIPVerify.jl,Evaluating Robustness of Neural Networks with Mixed Integer Programming,iclr,2019,none
https://github.com/ftramer/slalom,"Slalom: Fast, Verifiable and Private Execution of Neural Networks in Trusted Hardware",iclr,2019,tf
https://github.com/facebookresearch/spreadingvectors,Spreading vectors for similarity search,iclr,2019,pytorch
https://github.com/GuyLor/direct_vae,Direct Optimization through $\arg \max$ for Discrete Variational Auto-Encoder,iclr,2019,pytorch
https://github.com/deepmind/spectral_inference_networks,Spectral Inference Networks: Unifying Deep and Spectral Learning,iclr,2019,tf
https://github.com/ratschlab/SOM-VAE,SOM-VAE: Interpretable Discrete Representation Learning on Time Series,iclr,2019,tf
https://github.com/dexgen/backdrop,Backdrop: Stochastic Backpropagation,iclr,2019,pytorch
https://github.com/ml4tp/gamepad,GamePad: A Learning Environment for Theorem Proving,iclr,2019,none
https://github.com/AliaksandrSiarohin/wc-gan,Whitening and Coloring batch transform for GANs,iclr,2019,tf
https://github.com/Gordonjo/versa,Meta-Learning Probabilistic Inference For Prediction,iclr,2019,tf
https://github.com/AzulEye/CNN-Failures,Why do deep convolutional networks generalize so poorly to small image transformations?,iclr,2019,pytorch
https://github.com/swing-research/deepmesh,Random mesh projectors for inverse problems,iclr,2019,tf
https://github.com/facebookresearch/AdversarialAndDimensionality,First-order Adversarial Vulnerability of Neural Networks and Input Dimension,iclr,2019,pytorch
https://github.com/csm9493/GAN2GAN,GAN2GAN: Generative Noise Learning for Blind Denoising with Single Noisy Images,iclr,2021,pytorch
https://github.com/datake/AdaGCN,AdaGCN: Adaboosting Graph Convolutional Networks into Deep Models,iclr,2021,pytorch
https://github.com/iamalexkorotin/Wasserstein2GenerativeNetworks,Wasserstein-2 Generative Networks,iclr,2021,pytorch
https://github.com/brendenpetersen/deep-symbolic-regression,Deep symbolic regression: Recovering mathematical expressions from data via risk-seeking policy gradients,iclr,2021,none
https://github.com/dibyaghosh/gcsl,Learning to Reach Goals via Iterated Supervised Learning,iclr,2021,pytorch
https://github.com/patrick-kidger/signatory,"Signatory: differentiable computations of the signature and logsignature transforms, on both CPU and GPU",iclr,2021,pytorch
https://github.com/zalandoresearch/pytorch-ts,Multivariate Probabilistic Time Series Forecasting via Conditioned Normalizing Flows,iclr,2021,pytorch
https://github.com/henrygouk/mars-finetuning,Distance-Based Regularisation of Deep Networks for Fine-Tuning,iclr,2021,tf
https://github.com/google-research/federated/tree/master/optimization,Adaptive Federated Optimization,iclr,2021,tf
https://github.com/reactive-systems/deepltl,Teaching Temporal Logics to Neural Networks,iclr,2021,tf
https://github.com/qualcomm-ai-research/gauge-equivariant-mesh-cnn,Gauge Equivariant Mesh CNNs: Anisotropic convolutions on geometric graphs,iclr,2021,pytorch
https://github.com/MichaelArbel/GeneralizedEBM,Generalized Energy Based Models,iclr,2021,pytorch
https://github.com/liamcli/gaea_release,Geometry-Aware Gradient Algorithms for Neural Architecture Search,iclr,2021,pytorch
https://github.com/pytorch/fairseq,Training with Quantization Noise for Extreme Model Compression,iclr,2021,pytorch
https://github.com/facebookresearch/mmf/tree/master/projects/movie_mcan,MoVie: Revisiting Modulated Convolutions for Visual Counting and Beyond,iclr,2021,pytorch
https://github.com/XuezheMax/wolf,Decoupling Global and Local Representations via Invertible Generative Flows,iclr,2021,pytorch
https://github.com/denisyarats/drq,Image Augmentation Is All You Need: Regularizing Deep Reinforcement Learning from Pixels,iclr,2021,pytorch
https://github.com/NVIDIA/flowtron,Flowtron: an Autoregressive Flow-based Generative Network for Text-to-Speech Synthesis,iclr,2021,pytorch
https://github.com/yellowshippo/isogcn-iclr2021,Isometric Transformation Invariant and Equivariant Graph Convolutional Networks,iclr,2021,none
https://github.com/aletcher/impossibility-global-convergence,On the Impossibility of Global Convergence in Multi-Loss Optimization,iclr,2021,none
https://github.com/point0bar1/ebm-defense,Stochastic Security: Adversarial Defense Using Long-Run Dynamics of Energy-Based Models,iclr,2021,pytorch
https://github.com/epfml/LocalSGD-Code,"Don't Use Large Mini-Batches, Use Local SGD",iclr,2020,pytorch
https://github.com/011235813/cm3,CM3: Cooperative Multi-goal Multi-stage Multi-agent Reinforcement Learning,iclr,2020,tf
https://github.com/nrhine1/deep_imitative_models,"Deep Imitative Models for Flexible Inference, Planning, and Control",iclr,2020,none
https://github.com/liuanji/WU-UCT,Watch the Unobserved: A Simple Approach to Parallelizing Monte Carlo Tree Search,iclr,2020,pytorch
https://github.com/ts66395/MaSS,Accelerating SGD with momentum for over-parameterized learning,iclr,2020,tf
https://github.com/nabihach/IDA,Progressive Memory Banks for Incremental Domain Adaptation,iclr,2020,pytorch
https://github.com/pclucas14/GansFallingShort,Language GANs Falling Short,iclr,2020,pytorch
https://github.com/BorealisAI/mma_training,MMA Training: Direct Input Space Margin Maximization through Adversarial Training,iclr,2020,pytorch
https://github.com/princeton-vl/DeepV2D,DeepV2D: Video to Depth with Differentiable Structure from Motion,iclr,2020,tf
https://github.com/ruqizhang/csgmcmc,Cyclical Stochastic Gradient MCMC for Bayesian Deep Learning,iclr,2020,pytorch
https://github.com/google-research/google-research/tree/master/hyperbolic_discount,Hyperbolic Discounting and Learning over Multiple Horizons,iclr,2020,tf
https://github.com/kcyu2014/eval-nas,Evaluating the Search Phase of Neural Architecture Search,iclr,2020,pytorch
https://github.com/iclr2020-apd/anonymous_iclr2020_apd_code,Scalable and Order-robust Continual Learning with Additive Parameter Decomposition,iclr,2020,tf
https://github.com/NeurEXT/NEXT-learning-to-plan/blob/master/main.ipynb,Learning to Plan in High Dimensions via Neural Exploration-Exploitation Trees,iclr,2020,pytorch
https://github.com/tensorflow/tensor2tensor,VideoFlow: A Conditional Flow-Based Model for Stochastic Video Generation,iclr,2020,tf
https://github.com/google-research/meta-dataset,Meta-Dataset: A Dataset of Datasets for Learning to Learn from Few Examples,iclr,2020,tf
https://github.com/JiahuiYu/slimmable_networks,AutoSlim: Towards One-Shot Architecture Search for Channel Numbers,iclr,2020,pytorch
https://github.com/ParthaEth/Regularized_autoencoders-RAE-,From Variational to Deterministic Autoencoders,iclr,2020,none
https://github.com/xuelin-chen/pcl2pcl-gan-pub,Unpaired Point Cloud Completion on Real Scans using Adversarial Training,iclr,2020,tf
https://github.com/dmzou/RSRAE,Robust Subspace Recovery Layer for Unsupervised Anomaly Detection,iclr,2020,tf
https://github.com/google-research/disentanglement_lib,Challenging Common Assumptions in the Unsupervised Learning of Disentangled Representations,icml,2019,tf
https://github.com/huangwl18/modular-rl,One Policy to Control Them All: Shared Modular Policies for Agent-Agnostic Control,icml,2020,pytorch
https://github.com/runopti/stg,Feature Selection using Stochastic Gates,icml,2020,pytorch
https://github.com/jfc43/advex,Concise Explanations of Neural Networks using Adversarial Training,icml,2020,tf
https://github.com/eugenium/DGL,Decoupled Greedy Learning of CNNs,icml,2020,pytorch
https://github.com/AlekseiTriastcyn/bayesian-differential-privacy,Bayesian Differential Privacy for Machine Learning,icml,2020,pytorch
https://github.com/rail-berkeley/rlkit/blob/master/docs/SkewFit.md,Skew-Fit: State-Covering Self-Supervised Reinforcement Learning,icml,2020,pytorch
https://github.com/xcgoner/iclr2020_zeno_async,Zeno++: Robust Fully Asynchronous SGD,icml,2020,mxnet
https://github.com/ntienvu/KnownOptimum_BO,Knowing The What But Not The Where in Bayesian Optimization,icml,2020,none
https://github.com/tstandley/taskgrouping,Which Tasks Should Be Learned Together in Multi-task Learning?,icml,2020,pytorch
https://github.com/c-hofer/graph_filtration_learning,Graph Filtration Learning,icml,2020,pytorch
https://github.com/BorealisAI/CP-VAE,On Variational Learning of Controllable Representations for Text without Supervision,icml,2020,pytorch
https://github.com/insuhan/polytensorsketch,Polynomial Tensor Sketch for Element-wise Function of Low-Rank Matrix,icml,2020,none
https://github.com/marwash25/non-sub-min,Optimal approximation for unconstrained non-submodular minimization,icml,2020,none
https://github.com/shentianxiao/text-autoencoders,Educating Text Autoencoders: Latent Representation Guidance via Denoising,icml,2020,pytorch
https://github.com/facebookresearch/EGG,Entropy Minimization In Emergent Languages,icml,2020,pytorch
https://github.com/boseon-ai/Conditional-Temporal-Neural-Processes-with-Covariance-Loss,Conditional Temporal Neural Processes with Covariance Loss,icml,2021,none
https://github.com/irwinherrmann/stochastic-gates,Channel selection using Gumbel Softmax,eccv,2020,pytorch
https://github.com/LiYingwei/Regional-Homogeneity,Regional Homogeneity: Towards Learning Transferable Universal Adversarial Perturbations Against Defenses,eccv,2020,tf
https://github.com/yaoyao-liu/E3BM,An Ensemble of Epoch-wise Empirical Bayes for Few-shot Learning,eccv,2020,pytorch
https://github.com/shengcailiao/QAConv,Interpretable and Generalizable Person Re-Identification with Query-Adaptive Convolution and Temporal Lifting,eccv,2020,pytorch
https://github.com/holistic-video-understanding/HVU-Dataset,Large Scale Holistic Video Understanding,eccv,2020,none
https://github.com/VisionLearningGroup/SANE,Why do These Match? Explaining the Behavior of Image Similarity Models,eccv,2020,pytorch
https://github.com/HobbitLong/CMC,Contrastive Multiview Coding,eccv,2020,pytorch
https://github.com/tensorflow/tpu,Learning Data Augmentation Strategies for Object Detection,eccv,2020,tf
https://github.com/unibas-gravis/icp-proposal,A Closest Point Proposal for MCMC-based Probabilistic Surface Registration,eccv,2020,none
https://github.com/bertjiazheng/Structured3D,Structured3D: A Large Photo-realistic Dataset for Structured 3D Modeling,eccv,2020,none
https://github.com/barisgecer/TBGAN,Synthesizing Coupled 3D Face Modalities by Trunk-Branch Generative Adversarial Networks,eccv,2020,tf
https://github.com/JirongZhang/DeepHomography,Content-Aware Unsupervised Deep Homography Estimation,eccv,2020,pytorch
https://github.com/gilshm/zap,Thanks for Nothing: Predicting Zero-Valued Activations with Lightweight Convolutional Neural Networks,eccv,2020,pytorch
https://github.com/openseg-group/openseg.pytorch,Segmentation Transformer: Object-Contextual Representations for Semantic Segmentation,eccv,2020,pytorch
https://github.com/fregu856/ebms_regression,Energy-Based Models for Deep Probabilistic Regression,eccv,2020,pytorch
https://github.com/ChenRocks/UNITER,UNITER: UNiversal Image-TExt Representation Learning,eccv,2020,pytorch
https://github.com/Zhongdao/Towards-Realtime-MOT,Towards Real-Time Multi-Object Tracking,eccv,2020,pytorch
https://github.com/taoyang1122/MutualNet,MutualNet: Adaptive ConvNet via Mutual Learning from Network Width and Resolution,eccv,2020,pytorch
https://github.com/google-research/noisy-fewshot-learning,Graph convolutional networks for learning with few clean and many noisy labels,eccv,2020,pytorch
https://github.com/tyler-hayes/REMIND,REMIND Your Neural Network to Prevent Catastrophic Forgetting,eccv,2020,pytorch
https://github.com/XudongLinthu/context-gated-convolution,Context-Gated Convolution,eccv,2020,pytorch
https://github.com/jiahaowork/idam,Iterative Distance-Aware Similarity Matrix Convolution with Mutual-Supervised Point Elimination for Efficient Point Cloud Registration,eccv,2020,pytorch
https://github.com/jiangzhengkai/LSTS,Learning Where to Focus for Efficient Video Object Detection,eccv,2020,mxnet
https://github.com/fairnas/FairNAS,FairNAS: Rethinking Evaluation Fairness of Weight Sharing Neural Architecture Search,iccv,2021,pytorch
https://github.com/yoojy31/mdod,Training Multi-Object Detector by Estimating Bounding Box Distribution for Input Image,iccv,2021,pytorch
https://github.com/facebookresearch/GDT,On Compositions of Transformations in Contrastive Self-Supervised Learning,iccv,2021,pytorch
https://github.com/csbhr/Deep-Blind-VSR,Deep Blind Video Super-resolution,iccv,2021,pytorch
https://github.com/shawnxyang/tip-im,Towards Face Encryption by Generating Adversarial Identity Masks,iccv,2021,pytorch
https://github.com/dvlab-research/Robust-Semantic-Segmentation,Dynamic Divide-and-Conquer Adversarial Training for Robust Semantic Segmentation,iccv,2021,pytorch
https://github.com/hujiecpp/NAD,Architecture Disentanglement for Deep Neural Networks,iccv,2021,pytorch
https://github.com/Vision-CAIR/LTVRR,Exploring Long Tail Visual Relationship Recognition with Large Vocabulary,iccv,2021,pytorch
https://github.com/clvcooke/virtual-fluorescence,Physics-enhanced machine learning for virtual fluorescence microscopy,iccv,2021,pytorch
https://github.com/idstcv/coins,Weakly Supervised Representation Learning with Coarse Labels,iccv,2021,pytorch
https://github.com/njuhuojing/mast,Manifold Alignment for Semantically Aligned Style Transfer,iccv,2021,pytorch
https://github.com/modelstreaming/ams,Real-Time Video Inference on Edge Devices via Adaptive Model Streaming,iccv,2021,tf
https://github.com/pavlo-melnyk/mlgp-embedme,Embed Me If You Can: A Geometric Perceptron,iccv,2021,pytorch
https://github.com/clovaai/tunit,Rethinking the Truly Unsupervised Image-to-Image Translation,iccv,2021,pytorch
https://github.com/slerman12/ExplainingInteractions,"Explaining Local, Global, And Higher-Order Interactions In Deep Learning",iccv,2021,pytorch
https://github.com/lgcnsai/ps-kd-pytorch,Self-Knowledge Distillation with Progressive Refinement of Targets,iccv,2021,pytorch
https://github.com/hendrycks/imagenet-r,The Many Faces of Robustness: A Critical Analysis of Out-of-Distribution Generalization,iccv,2021,pytorch
https://github.com/DingXiaoH/ResRep,ResRep: Lossless CNN Pruning via Decoupling Remembering and Forgetting,iccv,2021,pytorch
https://github.com/fangwei123456/Parametric-Leaky-Integrate-and-Fire-Spiking-Neuron,Incorporating Learnable Membrane Time Constant to Enhance Learning of Spiking Neural Networks,iccv,2021,pytorch
https://github.com/bknyaz/sgg,Generative Compositional Augmentations for Scene Graph Prediction,iccv,2021,pytorch
https://github.com/ningyu1991/ArtificialGANFingerprints,Artificial Fingerprinting for Generative Models: Rooting Deepfake Attribution in Training Data,iccv,2021,pytorch
https://github.com/loyoyang/decota,Deep Co-Training with Task Decomposition for Semi-Supervised Domain Adaptation,iccv,2021,pytorch
https://github.com/Arthur151/ROMP,"Monocular, One-stage, Regression of Multiple 3D People",iccv,2021,pytorch
https://github.com/Mattdl/ContinualPrototypeEvolution,Continual Prototype Evolution: Learning Online from Non-Stationary Data Streams,iccv,2021,pytorch
https://github.com/wbw520/scouter,SCOUTER: Slot Attention-based Classifier for Explainable Image Recognition,iccv,2021,pytorch
https://github.com/lemmersj/ground-truth-or-daer,Ground-truth or DAER: Selective Re-query of Secondary Information,iccv,2021,pytorch
https://github.com/wonchulSon/DGKD,Densely Guided Knowledge Distillation using Multiple Teacher Assistants,iccv,2021,pytorch
https://github.com/Alibaba-MIIL/ASL,Asymmetric Loss For Multi-Label Classification,iccv,2021,pytorch
https://github.com/hansen7/OcCo,Unsupervised Point Cloud Pre-Training via Occlusion Completion,iccv,2021,pytorch
https://github.com/JiahuiYu/generative_inpainting,Free-Form Image Inpainting with Gated Convolution,iccv,2019,tf
https://github.com/MONET2018/MONET,MONET: Multiview Semi-supervised Keypoint Detection via Epipolar Divergence,iccv,2019,tf
https://github.com/xu-ji/IIC,Invariant Information Clustering for Unsupervised Image Classification and Segmentation,iccv,2019,pytorch
https://github.com/csm9493/FC-AIDE-Keras,Fully Convolutional Pixel Adaptive Image Denoiser,iccv,2019,tf
https://github.com/carolineec/EverybodyDanceNow,Everybody Dance Now,iccv,2019,pytorch
https://github.com/Liumouliu/deepIBL,Stochastic Attraction-Repulsion Embedding for Large Scale Image Localization,iccv,2019,none
https://github.com/StanfordASL/Trajectron,The Trajectron: Probabilistic Multi-Agent Trajectory Modeling With Dynamic Spatiotemporal Graphs,iccv,2019,pytorch
https://github.com/pengsongyou/CalibrationWizard,Calibration Wizard: A Guidance System for Camera Calibration Based on Modelling Geometric and Corner Uncertainty,iccv,2019,none
https://github.com/DetectionTeamUCAS/R2CNN-Plus-Plus_Tensorflow,"SCRDet: Towards More Robust Detection for Small, Cluttered and Rotated Objects",iccv,2019,tf
https://github.com/jihanyang/AFN,Larger Norm More Transferable: An Adaptive Feature Norm Approach for Unsupervised Domain Adaptation,iccv,2019,pytorch
https://github.com/nschor/CompoNet,CompoNet: Learning to Generate the Unseen by Part Synthesis and Composition,iccv,2019,tf
https://github.com/xumingze0308/TRN.pytorch,Temporal Recurrent Networks for Online Action Detection,iccv,2019,pytorch
https://github.com/MIT-HAN-LAB/temporal-shift-module,TSM: Temporal Shift Module for Efficient Video Understanding,iccv,2019,pytorch
https://github.com/ningyu1991/GANFingerprints,Attributing Fake Images to GANs: Learning and Analyzing GAN Fingerprints,iccv,2019,tf
https://github.com/knmac/LCDC_release,Learning Motion in Feature Space: Locally-Consistent Deformable Convolution Networks for Fine-Grained Action Detection,iccv,2019,tf
https://github.com/AlonShoshan10/dynamic_net,Dynamic-Net: Tuning the Objective Without Re-training for Synthesis Tasks,iccv,2019,pytorch
https://github.com/tarun005/USSS_ICCV19,Universal Semi-Supervised Semantic Segmentation,iccv,2019,pytorch
https://github.com/OasisYang/SSG,Self-similarity Grouping: A Simple Unsupervised Cross Domain Adaptation Approach for Person Re-identification,iccv,2019,pytorch
https://github.com/speedinghzl/CCNet,CCNet: Criss-Cross Attention for Semantic Segmentation,iccv,2019,pytorch
https://github.com/LuckyDC/SFT_REID,Spectral Feature Transformation for Person Re-identification,iccv,2019,tf
https://github.com/TimeLighter/pytorch-sym-parameter,Sym-parameterized Dynamic Inference for Mixed-Domain Image Translation,iccv,2019,pytorch
https://github.com/yuanyunzhe/bi-trans-parser,Bidirectional Transition-Based Dependency Parsing,aaai,2019,none
https://github.com/zheshiyige/Learning-Diverse-Stochastic-Human-Action-Generators-by-Learning-Smooth-Latent-Transitions,Learning Diverse Stochastic Human-Action Generators by Learning Smooth Latent Transitions,aaai,2019,tf
https://github.com/tjumyk/rma,A Recurrent Model for Collective Entity Linking with Adaptive Features,aaai,2020,none
https://github.com/cchao0116/SGMC-AAAI21,Scalable and Explainable 1-Bit Matrix Completion via Graph Signal Learning,aaai,2021,none
https://github.com/BangLiu/ArticlePairMatching,Matching Article Pairs with Graphical Decomposition and Convolutions,acl,2019,pytorch
https://github.com/vineetjohn/linguistic-style-transfer,Disentangled Representation Learning for Non-Parallel Text Style Transfer,acl,2019,tf
https://github.com/asyml/texar,"Texar: A Modularized, Versatile, and Extensible Toolkit for Text Generation",acl,2019,tf
https://github.com/malllabiisc/WordGCN,Incorporating Syntactic and Semantic Information in Word Embeddings using Graph Convolutional Networks,acl,2019,tf
https://github.com/declare-lab/MELD,MELD: A Multimodal Multi-Party Dataset for Emotion Recognition in Conversations,acl,2019,tf
https://github.com/microsoft/Multilingual-Model-Transfer,Multi-Source Cross-Lingual Model Transfer: Learning What to Share,acl,2019,pytorch
https://github.com/subramanyamdvss/UnsupNTS,Unsupervised Neural Text Simplification,acl,2019,pytorch
https://github.com/PaddlePaddle/PaddleNLP/tree/develop/examples/simultaneous_translation/stacl,STACL: Simultaneous Translation with Implicit Anticipation and Controllable Latency using Prefix-to-Prefix Framework,acl,2019,paddle
https://github.com/jkkummerfeld/irc-disentanglement,A Large-Scale Corpus for Conversation Disentanglement,acl,2019,tf
https://github.com/lil-lab/nlvr,A Corpus for Reasoning About Natural Language Grounded in Photographs,acl,2019,none
https://github.com/iacercalixto/variational_mmt,Latent Variable Model for Multi-modal Translation,acl,2019,pytorch
https://github.com/facebookresearch/EmpatheticDialogues,Towards Empathetic Open-domain Conversation Models: a New Benchmark and Dataset,acl,2019,pytorch
https://github.com/allenai/PathNet,Exploiting Explicit Paths for Multi-hop Reading Comprehension,acl,2019,none
https://github.com/aemami1/KnowRef,The Knowref Coreference Corpus: Removing Gender and Number Cues for Difficult Pronominal Anaphora Resolution,acl,2019,none
https://github.com/thunlp/DIAG-NRE,DIAG-NRE: A Neural Pattern Diagnosis Framework for Distantly Supervised Neural Relation Extraction,acl,2019,pytorch
https://github.com/cooelf/OpenIME,Open Vocabulary Learning for Neural Chinese Pinyin IME,acl,2019,none
https://github.com/czhang99/Capsule-NLU,Joint Slot Filling and Intent Detection via Capsule Neural Networks,acl,2019,tf
https://github.com/nikitakit/self-attentive-parser,Multilingual Constituency Parsing with Self-Attention and Pre-Training,acl,2019,tf
https://github.com/kimiyoung/transformer-xl,Transformer-XL: Attentive Language Models Beyond a Fixed-Length Context,acl,2019,pytorch
https://github.com/butnaruandrei/MOROCO,MOROCO: The Moldavian and Romanian Dialectal Corpus,acl,2019,none
https://github.com/namisan/mt-dnn,Multi-Task Deep Neural Networks for Natural Language Understanding,acl,2019,pytorch
https://github.com/codogogo/xling-eval,"How to (Properly) Evaluate Cross-Lingual Word Embeddings: On Strong Baselines, Comparative Analyses, and Some Misconceptions",acl,2019,none
https://github.com/afshinrahimi/mmner,Massively Multilingual Transfer for NER,acl,2019,tf
https://github.com/artetxem/monoses,An Effective Approach to Unsupervised Machine Translation,acl,2019,pytorch
https://github.com/memray/OpenNMT-kpg-release,One Size Does Not Fit All: Generating and Evaluating Variable Number of Keyphrases,acl,2020,pytorch
https://github.com/cloudygoose/negativetraining_acl2020,Negative Training for Neural Dialogue Response Generation,acl,2020,pytorch
https://github.com/tom-pelsmaeker/deep-generative-lm,Effective Estimation of Deep Generative Language Models,acl,2020,pytorch
https://github.com/nikitakit/tetra-tagging,Tetra-Tagging: Word-Synchronous Parsing with Linear-Time Inference,acl,2020,none
https://github.com/jacobandreas/geca,Good-Enough Compositional Data Augmentation,acl,2020,pytorch
https://github.com/czyssrs/Few-Shot-NLG,Few-Shot NLG with Pre-Trained Language Model,acl,2020,tf
https://github.com/daiquocnguyen/R-MeN,A Relational Memory-based Embedding Model for Triple Classification and Search Personalization,acl,2020,tf
https://github.com/facebookresearch/evaluation-of-nmt-bt,On The Evaluation of Machine Translation Systems Trained With Back-Translation,acl,2020,none
https://github.com/v-mipeng/LexiconAugmentedNER,Simplify the Usage of Lexicon in Chinese NER,acl,2020,pytorch
https://github.com/WasifurRahman/BERT_multimodal_transformer,Integrating Multimodal Information in Large Pretrained Transformers,acl,2020,pytorch
https://github.com/UKPLab/acl2020-dialogue-coherence-assessment,Dialogue Coherence Assessment Without Explicit Dialogue Act Labels,acl,2020,pytorch
https://github.com/xingdi-eric-yuan/imrc_public,Interactive Machine Comprehension with Information Seeking Agents,acl,2020,pytorch
https://github.com/morningmoni/FAR,Facet-Aware Evaluation for Extractive Summarization,acl,2020,none
https://github.com/CogComp/QuASE,QuASE: Question-Answer Driven Sentence Encoding,acl,2020,pytorch
https://github.com/weizhepei/CasRel,A Novel Cascade Binary Tagging Framework for Relational Triple Extraction,acl,2020,tf
https://github.com/e-bug/pascal,Enhancing Machine Translation with Dependency-Aware Self-Attention,acl,2020,pytorch
https://github.com/IBM/span-selection-pretraining,Span Selection Pre-training for Question Answering,acl,2020,pytorch
https://github.com/RiTUAL-UH/cs_elmo,From English to Code-Switching: Transfer Learning with Strong Morphological Clues,acl,2020,pytorch
https://github.com/danishpruthi/deceptive-attention,Learning to Deceive with Attention-Based Explanations,acl,2020,pytorch
https://github.com/allenai/sdi-detection,SUPP.AI: Finding Evidence for Supplement-Drug Interactions,acl,2020,none
https://github.com/h-shahidi/2birds-gen,"Two Birds, One Stone: A Simple, Unified Model for Text Generation from Structured and Unstructured Data",acl,2020,tf
https://github.com/OanaMariaCamburu/e-SNLI,Make Up Your Mind! Adversarial Generation of Inconsistent Natural Language Explanations,acl,2020,pytorch
https://github.com/INK-USC/ConNet,Learning to Contextually Aggregate Multi-Source Supervision for Sequence Labeling,acl,2020,pytorch
https://github.com/facebookresearch/MLQA,MLQA: Evaluating Cross-lingual Extractive Question Answering,acl,2020,none
https://github.com/timoschick/bertram,BERTRAM: Improved Word Embeddings Have Big Impact on Contextualized Model Performance,acl,2020,pytorch
https://github.com/PaddlePaddle/Research,PLATO: Pre-trained Dialogue Generation Model with Discrete Latent Variable,acl,2020,paddle
https://github.com/thunlp/KernelGAT,Fine-grained Fact Verification with Kernel Graph Attention Network,acl,2020,pytorch
https://github.com/deepmind/xquad,On the Cross-lingual Transferability of Monolingual Representations,acl,2020,none
https://github.com/ShannonAI/mrc-for-flat-nested-ner,A Unified MRC Framework for Named Entity Recognition,acl,2020,pytorch
https://github.com/thunlp/SememePSO-Attack,Word-level Textual Adversarial Attacking as Combinatorial Optimization,acl,2020,pytorch
https://github.com/VProv/BPE-Dropout,BPE-Dropout: Simple and Effective Subword Regularization,acl,2020,none
https://github.com/TristaCao/into_inclusivecoref,Toward Gender-Inclusive Coreference Resolution,acl,2020,none
https://github.com/awslabs/mlm-scoring,Masked Language Model Scoring,acl,2020,mxnet
https://github.com/facebookresearch/anli,Adversarial NLI: A New Benchmark for Natural Language Understanding,acl,2020,pytorch
https://github.com/zequnl/CMAML,Learning to Customize Model Structures for Few-shot Dialogue Generation Tasks,acl,2020,pytorch
https://github.com/yuxingch/Implicature-Strength-Some,Harnessing the linguistic signal to predict scalar inferences,acl,2020,pytorch
https://github.com/mitchellgordon95/bert-prune,Compressing BERT: Studying the Effects of Weight Pruning on Transfer Learning,acl,2020,tf
https://github.com/ben-aaron188/covid19worry,Measuring Emotions in the COVID-19 Real World Worry Dataset,acl,2020,none
https://github.com/lipiji/SongNet,SongNet: Rigid Formats Controlled Text Generation,acl,2020,pytorch
https://github.com/allenai/cord19,CORD-19: The COVID-19 Open Research Dataset,acl,2020,none
https://github.com/windx0303/CODA-19,"CODA-19: Using a Non-Expert Crowd to Annotate Research Aspects on 10,000+ Abstracts in the COVID-19 Open Research Dataset",acl,2020,pytorch
https://github.com/JerryWei03/COVID-Q,What Are People Asking About COVID-19? A Question Classification Dataset,acl,2020,none
https://github.com/ellarabi/covid19-demography,Exploration of Gender Differences in COVID-19 Discourse on Reddit,acl,2020,none
https://github.com/gorjanradevski/macchina,Self-supervised context-aware COVID-19 document exploration through atlas grounding,acl,2020,pytorch
https://github.com/abchapman93/VA_COVID-19_NLP_BSV,A Natural Language Processing System for National COVID-19 Surveillance in the US Department of Veterans Affairs,acl,2020,none
https://github.com/JuanCarlosCSE/YouTube_misinfo,NLP-based Feature Extraction for the Detection of COVID-19 Misinformation Videos on YouTube,acl,2020,none
https://github.com/harvardnlp/pytorch-struct,Torch-Struct: Deep Structured Prediction Library,acl,2020,pytorch
https://github.com/kel-lu/scigen,Explaining Relationships Between Scientific Documents,acl,2021,pytorch
https://github.com/rsvp-ai/semantic_unwritten,Semantics of the Unwritten: The Effect of End of Paragraph and Sequence Tokens on Text Generation with GPT2,acl,2021,pytorch
https://github.com/KazutoshiShinoda/VQAG,Improving the Robustness of QA Models to Challenge Sets with Variational Question-Answer Pair Generation,acl,2021,none
https://github.com/MilaNLProc/contextualized-topic-models,Pre-training is a Hot Topic: Contextualized Document Embeddings Improve Topic Coherence,acl,2021,pytorch
https://github.com/moinnadeem/StereoSet,StereoSet: Measuring stereotypical bias in pretrained language models,acl,2021,pytorch
https://github.com/JohnGiorgi/DeCLUTR,DeCLUTR: Deep Contrastive Learning for Unsupervised Textual Representations,acl,2021,pytorch
https://github.com/jonathanherzig/span-based-sp,Span-based Semantic Parsing for Compositional Generalization,acl,2021,pytorch
https://github.com/morningmoni/GAR,Generation-Augmented Retrieval for Open-domain Question Answering,acl,2021,pytorch
https://github.com/fastnlp/fastHan,fastHan: A BERT-based Multi-Task Toolkit for Chinese NLP,acl,2021,pytorch
https://github.com/thunlp/OpenAttack,OpenAttack: An Open-source Textual Adversarial Attack Toolkit,acl,2021,pytorch
https://github.com/rooshenas/ebr_mt,Energy-Based Reranking: Improving Neural Machine Translation Using Energy-Based Models,acl,2021,pytorch
https://github.com/Alibaba-NLP/ACE,Automated Concatenation of Embeddings for Structured Prediction,acl,2021,pytorch
https://github.com/Alibaba-NLP/StructuralKD,Structural Knowledge Distillation: Tractably Distilling Information for Structured Predictor,acl,2021,pytorch
https://github.com/clovaai/length-adaptive-transformer,"Length-Adaptive Transformer: Train Once with Length Drop, Use Anytime with Search",acl,2021,pytorch
https://github.com/princeton-nlp/NegotiationToM,Improving Dialog Systems for Negotiation with Personality Modeling,acl,2021,pytorch
https://github.com/lena-voita/the-story-of-heads,Analyzing the Source and Target Contributions to Predictions in Neural Machine Translation,acl,2021,tf
https://github.com/google-research/language/tree/master/language/nqg,Compositional Generalization and Natural Language Variation: Can a Semantic Parsing Approach Handle Both?,acl,2021,tf
https://github.com/valentinhofmann/dcwe,Dynamic Contextualized Word Embeddings,acl,2021,pytorch
https://github.com/alibaba/AliceMind,VECO: Variable and Flexible Cross-lingual Pre-training for Language Understanding and Generation,acl,2021,pytorch
https://github.com/alipay/KnowledgeGraphEmbeddingsViaPairedRelationVectors_PairRE,PairRE: Knowledge Graph Embeddings via Paired Relation Vectors,acl,2021,pytorch
https://github.com/nyu-mll/pretraining-learning-curves,When Do You Need Billions of Words of Pretraining Data?,acl,2021,mxnet
https://github.com/sweetalyssum/Seq2Seq-DU,A Sequence-to-Sequence Approach to Dialogue State Tracking,acl,2021,tf
https://github.com/amzn/refuel-open-domain-qa,Answering Ambiguous Questions through Generative Evidence Fusion and Round-Trip Prediction,acl,2021,pytorch
https://github.com/google-research/google-research/tree/master/structformer,StructFormer: Joint Unsupervised Induction of Dependency and Constituency Structure from Masked Language Modeling,acl,2021,tf
https://github.com/alibaba/EasyNLP,Meta-KD: A Meta Knowledge Distillation Framework for Language Model Compression across Domains,acl,2021,pytorch
https://github.com/kaustubhdhole/natural-dont-know,Saying No is An Art: Contextualized Fallback Responses for Unanswerable Dialogue Queries,acl,2021,pytorch
https://github.com/dguo98/DiffPruning,Parameter-Efficient Transfer Learning with Diff Pruning,acl,2021,pytorch
https://github.com/tingofurro/shuffle_test,Can Transformer Models Measure Coherence In Text? Re-Thinking the Shuffle Test,acl,2021,pytorch
https://github.com/deepmind/open_spiel/tree/master/open_spiel/data/paper_data/routing_game_experiments,Solving N-player dynamic routing games with congestion: a mean field approach,aamas,2021,none
